{
    "timestamp": "2025-08-28T18:25:05.671681",
    "execution_time": 3.0663557052612305,
    "recommendation_parameters": {
        "feature_weight": 0.4,
        "performance_weight": 0.6,
        "top_k_strategies": 3
    },
    "recommended_strategies": [
        {
            "strategy_name": "heuristic",
            "final_score": 0.6264402839431276,
            "feature_similarity_score": 0.6470696384552556,
            "performance_score": 0.6126873809350422,
            "supporting_samples": [
                {
                    "sample_id": "sample_0064",
                    "original_fjs_path": "BehnkeGeiger/Behnke1.fjs",
                    "similarity": 0.8542068007588837,
                    "performance_metrics": {
                        "mean": 114.7,
                        "std": 2.9000000000000004,
                        "min": 111,
                        "max": 123,
                        "avg_convergence_generation": 7.2,
                        "convergence_generation_std": 7.413501197140255
                    },
                    "detailed_scores": {
                        "makespan_score": 0.8971023593792051,
                        "convergence_speed_score": 0.9279999999999999,
                        "stability_score": 0.7751937984496123,
                        "convergence_stability_score": 0.5742670521447035
                    },
                    "raw_metrics": {
                        "mean_makespan": 114.7,
                        "std_makespan": 2.9000000000000004,
                        "avg_convergence_gen": 7.2,
                        "convergence_std": 7.413501197140255
                    },
                    "weight": 0.7107169384369022
                },
                {
                    "sample_id": "sample_1183",
                    "original_fjs_path": "Kacem/Kacem4.fjs",
                    "similarity": 0.784658676677123,
                    "performance_metrics": {
                        "mean": 20.85,
                        "std": 1.3143439428094916,
                        "min": 19,
                        "max": 23,
                        "avg_convergence_generation": 5.15,
                        "convergence_generation_std": 7.2268596222702435
                    },
                    "detailed_scores": {
                        "makespan_score": 0.9795758436596953,
                        "convergence_speed_score": 0.9485,
                        "stability_score": 0.8838338352225198,
                        "convergence_stability_score": 0.5804888539912622
                    },
                    "raw_metrics": {
                        "mean_makespan": 20.85,
                        "std_makespan": 1.3143439428094916,
                        "avg_convergence_gen": 5.15,
                        "convergence_std": 7.2268596222702435
                    },
                    "weight": 0.7005396826928442
                },
                {
                    "sample_id": "sample_0163",
                    "original_fjs_path": "BehnkeGeiger/Behnke4.fjs",
                    "similarity": 0.8492726000295616,
                    "performance_metrics": {
                        "mean": 121.85,
                        "std": 3.636963018783666,
                        "min": 114,
                        "max": 127,
                        "avg_convergence_generation": 8.95,
                        "convergence_generation_std": 10.263893023604641
                    },
                    "detailed_scores": {
                        "makespan_score": 0.891384766234345,
                        "convergence_speed_score": 0.9105,
                        "stability_score": 0.733301101295495,
                        "convergence_stability_score": 0.49348859019100516
                    },
                    "raw_metrics": {
                        "mean_makespan": 121.85,
                        "std_makespan": 3.636963018783666,
                        "avg_convergence_gen": 8.95,
                        "convergence_std": 10.263893023604641
                    },
                    "weight": 0.683547596092182
                },
                {
                    "sample_id": "sample_1186",
                    "original_fjs_path": "Kacem/Kacem5.fjs",
                    "similarity": 0.7807877181478908,
                    "performance_metrics": {
                        "mean": 20.75,
                        "std": 1.1779218989389746,
                        "min": 18,
                        "max": 22,
                        "avg_convergence_generation": 10.05,
                        "convergence_generation_std": 9.286953214052497
                    },
                    "detailed_scores": {
                        "makespan_score": 0.9796718099436689,
                        "convergence_speed_score": 0.8995,
                        "stability_score": 0.8946206719291191,
                        "convergence_stability_score": 0.5184852106507931
                    },
                    "raw_metrics": {
                        "mean_makespan": 20.75,
                        "std_makespan": 1.1779218989389746,
                        "avg_convergence_gen": 10.05,
                        "convergence_std": 9.286953214052497
                    },
                    "weight": 0.6819717242127128
                },
                {
                    "sample_id": "sample_0196",
                    "original_fjs_path": "BehnkeGeiger/Behnke5.fjs",
                    "similarity": 0.8469569266461449,
                    "performance_metrics": {
                        "mean": 116.95,
                        "std": 5.563047725842374,
                        "min": 107,
                        "max": 128,
                        "avg_convergence_generation": 16.7,
                        "convergence_generation_std": 5.523585791856591
                    },
                    "detailed_scores": {
                        "makespan_score": 0.895295223599982,
                        "convergence_speed_score": 0.833,
                        "stability_score": 0.6425476665084721,
                        "convergence_stability_score": 0.6441810631951949
                    },
                    "raw_metrics": {
                        "mean_makespan": 116.95,
                        "std_makespan": 5.563047725842374,
                        "avg_convergence_gen": 16.7,
                        "convergence_std": 5.523585791856591
                    },
                    "weight": 0.670370457775596
                }
            ]
        },
        {
            "strategy_name": "random",
            "final_score": 0.5980406951621959,
            "feature_similarity_score": 0.6393332230760614,
            "performance_score": 0.570512343219619,
            "supporting_samples": [
                {
                    "sample_id": "sample_1137",
                    "original_fjs_path": "Hurink/vdata/mt06.fjs",
                    "similarity": 0.7572291587218283,
                    "performance_metrics": {
                        "mean": 48.15,
                        "std": 1.388344337691482,
                        "min": 47,
                        "max": 52,
                        "avg_convergence_generation": 19.85,
                        "convergence_generation_std": 11.845990882994974
                    },
                    "detailed_scores": {
                        "makespan_score": 0.9540619186185184,
                        "convergence_speed_score": 0.8015,
                        "stability_score": 0.8780907657404998,
                        "convergence_stability_score": 0.4577498934957466
                    },
                    "raw_metrics": {
                        "mean_makespan": 48.15,
                        "std_makespan": 1.388344337691482,
                        "avg_convergence_gen": 19.85,