{
  "dataset": "Brandimarte",
  "instance": "Mk10.fjs",
  "meta_heuristic": "HA(GA+TS)",
  "execution_times": 20,
  "max_iterations": 100,
  "initialization_methods": {
    "heuristic": {
      "mean": 363.05,
      "std": 14.961534012259571,
      "min": 332,
      "max": 388,
      "avg_convergence_generation": 19.4,
      "convergence_generation_std": 9.702576977277738
    },
    "mixed": {
      "mean": 390.55,
      "std": 14.319479739152538,
      "min": 357,
      "max": 418,
      "avg_convergence_generation": 22.95,
      "convergence_generation_std": 12.678623742346801
    },
    "random": {
      "mean": 303.95,
      "std": 9.494603730540838,
      "min": 282,
      "max": 322,
      "avg_convergence_generation": 42.65,
      "convergence_generation_std": 18.628674134247987
    }
  }
}