{
  "dataset": "Hurink",
  "sub_directory": "vdata",
  "instance": "la11.fjs",
  "meta_heuristic": "HA(GA+TS)",
  "execution_times": 20,
  "max_iterations": 100,
  "initialization_methods": {
    "heuristic": {
      "mean": 1232.5,
      "std": 29.36749904230866,
      "min": 1170,
      "max": 1277,
      "avg_convergence_generation": 16.35,
      "convergence_generation_std": 8.001718565408309
    },
    "mixed": {
      "mean": 1254.75,
      "std": 29.804152395261973,
      "min": 1191,
      "max": 1302,
      "avg_convergence_generation": 21.05,
      "convergence_generation_std": 13.617910999856036
    },
    "random": {
      "mean": 1117.9,
      "std": 18.253492816444748,
      "min": 1094,
      "max": 1169,
      "avg_convergence_generation": 22.85,
      "convergence_generation_std": 13.875427921329129
    }
  }
}