{
  "dataset": "Hurink",
  "sub_directory": "vdata",
  "instance": "la13.fjs",
  "meta_heuristic": "HA(GA+TS)",
  "execution_times": 20,
  "max_iterations": 100,
  "initialization_methods": {
    "heuristic": {
      "mean": 1193.55,
      "std": 34.582473884903024,
      "min": 1128,
      "max": 1280,
      "avg_convergence_generation": 13.8,
      "convergence_generation_std": 3.124099870362662
    },
    "mixed": {
      "mean": 1231.25,
      "std": 37.348192727359645,
      "min": 1137,
      "max": 1315,
      "avg_convergence_generation": 20.25,
      "convergence_generation_std": 11.665654718017331
    },
    "random": {
      "mean": 1081.5,
      "std": 11.37321414552632,
      "min": 1062,
      "max": 1102,
      "avg_convergence_generation": 21.85,
      "convergence_generation_std": 18.545282418987313
    }
  }
}