{
  "dataset": "Hurink",
  "sub_directory": "vdata",
  "instance": "la25.fjs",
  "meta_heuristic": "HA(GA+TS)",
  "execution_times": 20,
  "max_iterations": 100,
  "initialization_methods": {
    "heuristic": {
      "mean": 1214.65,
      "std": 44.23604299663341,
      "min": 1112,
      "max": 1300,
      "avg_convergence_generation": 13.15,
      "convergence_generation_std": 3.0376800358168077
    },
    "mixed": {
      "mean": 1221.15,
      "std": 39.362767941291935,
      "min": 1163,
      "max": 1309,
      "avg_convergence_generation": 17.8,
      "convergence_generation_std": 14.68536686637416
    },
    "random": {
      "mean": 1002.4,
      "std": 20.212372448577135,
      "min": 970,
      "max": 1037,
      "avg_convergence_generation": 23.55,
      "convergence_generation_std": 12.171585763572468
    }
  }
}