{
  "dataset": "Hurink",
  "sub_directory": "vdata",
  "instance": "mt20.fjs",
  "meta_heuristic": "HA(GA+TS)",
  "execution_times": 20,
  "max_iterations": 100,
  "initialization_methods": {
    "heuristic": {
      "mean": 1182.25,
      "std": 31.227992250543423,
      "min": 1120,
      "max": 1240,
      "avg_convergence_generation": 15.25,
      "convergence_generation_std": 4.877243073704652
    },
    "mixed": {
      "mean": 1238.4,
      "std": 40.58743647977782,
      "min": 1183,
      "max": 1337,
      "avg_convergence_generation": 17.55,
      "convergence_generation_std": 13.128118677099168
    },
    "random": {
      "mean": 1067.7,
      "std": 13.737175837849641,
      "min": 1042,
      "max": 1100,
      "avg_convergence_generation": 20.4,
      "convergence_generation_std": 11.918053532351665
    }
  }
}