{
  "dataset": "Dauzere",
  "instance": "01a.fjs",
  "meta_heuristic": "HA(GA+TS)",
  "execution_times": 20,
  "max_iterations": 100,
  "initialization_methods": {
    "heuristic": {
      "mean": 3629.95,
      "std": 72.29002351638849,
      "min": 3503,
      "max": 3787,
      "avg_convergence_generation": 29.25,
      "convergence_generation_std": 12.64466290574802
    },
    "mixed": {
      "mean": 3620.15,
      "std": 40.23341273121135,
      "min": 3528,
      "max": 3686,
      "avg_convergence_generation": 22.85,
      "convergence_generation_std": 12.535050857495554
    },
    "random": {
      "mean": 2751.5,
      "std": 31.941352507368876,
      "min": 2670,
      "max": 2811,
      "avg_convergence_generation": 27.15,
      "convergence_generation_std": 12.495099039223339
    }
  }
}