{
  "dataset": "Dauzere",
  "sub_directory": null,
  "instance": "07a.fjs",
  "meta_heuristic": "HA(GA+TS)",
  "execution_times": 20,
  "max_iterations": 100,
  "initialization_methods": {
    "heuristic": {
      "mean": 3382.9,
      "std": 89.88487080704961,
      "min": 3210,
      "max": 3529,
      "avg_convergence_generation": 20.75,
      "convergence_generation_std": 11.780810668201063
    },
    "mixed": {
      "mean": 3374.25,
      "std": 80.29002117324418,
      "min": 3200,
      "max": 3507,
      "avg_convergence_generation": 21.25,
      "convergence_generation_std": 11.70843712884004
    },
    "random": {
      "mean": 2703.25,
      "std": 48.60131171069357,
      "min": 2594,
      "max": 2828,
      "avg_convergence_generation": 29.7,
      "convergence_generation_std": 10.625911725588539
    }
  }
}