{
  "dataset": "Dauzere",
  "sub_directory": null,
  "instance": "12a.fjs",
  "meta_heuristic": "HA(GA+TS)",
  "execution_times": 20,
  "max_iterations": 100,
  "initialization_methods": {
    "heuristic": {
      "mean": 3067.4,
      "std": 60.32860018266627,
      "min": 2938,
      "max": 3194,
      "avg_convergence_generation": 16.55,
      "convergence_generation_std": 10.533161918436459
    },
    "mixed": {
      "mean": 3138.75,
      "std": 64.70616276677207,
      "min": 3014,
      "max": 3245,
      "avg_convergence_generation": 21.55,
      "convergence_generation_std": 15.078046955756571
    },
    "random": {
      "mean": 2526.75,
      "std": 38.88428345745875,
      "min": 2463,
      "max": 2610,
      "avg_convergence_generation": 21.45,
      "convergence_generation_std": 19.70653444926327
    }
  }
}