{
  "dataset": "Dauzere",
  "sub_directory": null,
  "instance": "13a.fjs",
  "meta_heuristic": "HA(GA+TS)",
  "execution_times": 20,
  "max_iterations": 100,
  "initialization_methods": {
    "heuristic": {
      "mean": 3482.65,
      "std": 72.57360057210886,
      "min": 3361,
      "max": 3655,
      "avg_convergence_generation": 27.45,
      "convergence_generation_std": 13.760359733669755
    },
    "mixed": {
      "mean": 3500.4,
      "std": 73.77018367877363,
      "min": 3322,
      "max": 3666,
      "avg_convergence_generation": 21.8,
      "convergence_generation_std": 12.631706139710502
    },
    "random": {
      "mean": 2727.5,
      "std": 22.889954128394404,
      "min": 2683,
      "max": 2794,
      "avg_convergence_generation": 26.55,
      "convergence_generation_std": 18.701537369959723
    }
  }
}