{
  "dataset": "Dauzere",
  "sub_directory": null,
  "instance": "17a.fjs",
  "meta_heuristic": "HA(GA+TS)",
  "execution_times": 20,
  "max_iterations": 100,
  "initialization_methods": {
    "heuristic": {
      "mean": 3313.45,
      "std": 42.992412121210414,
      "min": 3237,
      "max": 3379,
      "avg_convergence_generation": 24.25,
      "convergence_generation_std": 9.364160400164021
    },
    "mixed": {
      "mean": 3382.7,
      "std": 76.6081588344218,
      "min": 3244,
      "max": 3506,
      "avg_convergence_generation": 21.85,
      "convergence_generation_std": 15.894259970190497
    },
    "random": {
      "mean": 2671.5,
      "std": 32.48461174156157,
      "min": 2615,
      "max": 2724,
      "avg_convergence_generation": 27.35,
      "convergence_generation_std": 17.86973698743213
    }
  }
}