{
  "dataset": "Dauzere",
  "sub_directory": null,
  "instance": "18a.fjs",
  "meta_heuristic": "HA(GA+TS)",
  "execution_times": 20,
  "max_iterations": 100,
  "initialization_methods": {
    "heuristic": {
      "mean": 3301.85,
      "std": 62.960523345982445,
      "min": 3212,
      "max": 3457,
      "avg_convergence_generation": 16.9,
      "convergence_generation_std": 9.507365565707463
    },
    "mixed": {
      "mean": 3335.65,
      "std": 63.05733502139144,
      "min": 3217,
      "max": 3470,
      "avg_convergence_generation": 18.0,
      "convergence_generation_std": 14.071247279470288
    },
    "random": {
      "mean": 2700.3,
      "std": 49.22611095749897,
      "min": 2608,
      "max": 2778,
      "avg_convergence_generation": 21.45,
      "convergence_generation_std": 13.399533573971892
    }
  }
}