{
  "dataset": "Barnes",
  "instance": "mt10c1.fjs",
  "meta_heuristic": "HA(GA+TS)",
  "execution_times": 20,
  "max_iterations": 100,
  "initialization_methods": {
    "heuristic": {
      "mean": 1161.05,
      "std": 47.46733087082104,
      "min": 1105,
      "max": 1281,
      "avg_convergence_generation": 16.15,
      "convergence_generation_std": 10.946574806760333
    },
    "mixed": {
      "mean": 1180.1,
      "std": 40.701228482688336,
      "min": 1111,
      "max": 1258,
      "avg_convergence_generation": 18.85,
      "convergence_generation_std": 13.617176653036415
    },
    "random": {
      "mean": 1017.9,
      "std": 25.30395226046714,
      "min": 982,
      "max": 1071,
      "avg_convergence_generation": 22.45,
      "convergence_generation_std": 13.36216674046541
    }
  }
}