{
  "dataset": "Hurink",
  "sub_directory": "rdata",
  "instance": "la15.fjs",
  "meta_heuristic": "HA(GA+TS)",
  "execution_times": 20,
  "max_iterations": 100,
  "initialization_methods": {
    "heuristic": {
      "mean": 1337.9,
      "std": 46.330227713664435,
      "min": 1265,
      "max": 1440,
      "avg_convergence_generation": 24.1,
      "convergence_generation_std": 11.536463929644992
    },
    "mixed": {
      "mean": 1294.95,
      "std": 37.93082519534738,
      "min": 1213,
      "max": 1361,
      "avg_convergence_generation": 18.05,
      "convergence_generation_std": 13.339696398344303
    },
    "random": {
      "mean": 1140.55,
      "std": 11.935137200719561,
      "min": 1124,
      "max": 1173,
      "avg_convergence_generation": 24.6,
      "convergence_generation_std": 14.843853947004463
    }
  }
}