{
  "dataset": "Hurink",
  "sub_directory": "rdata",
  "instance": "la21.fjs",
  "meta_heuristic": "HA(GA+TS)",
  "execution_times": 20,
  "max_iterations": 100,
  "initialization_methods": {
    "heuristic": {
      "mean": 1370.95,
      "std": 40.190141826074715,
      "min": 1291,
      "max": 1479,
      "avg_convergence_generation": 19.2,
      "convergence_generation_std": 9.124691775616313
    },
    "mixed": {
      "mean": 1353.1,
      "std": 48.61985191256757,
      "min": 1264,
      "max": 1464,
      "avg_convergence_generation": 15.25,
      "convergence_generation_std": 17.857421426398606
    },
    "random": {
      "mean": 1063.9,
      "std": 19.727899026505586,
      "min": 1030,
      "max": 1107,
      "avg_convergence_generation": 18.95,
      "convergence_generation_std": 15.40284064710143
    }
  }
}