{
  "dataset": "Hurink",
  "sub_directory": "rdata",
  "instance": "la24.fjs",
  "meta_heuristic": "HA(GA+TS)",
  "execution_times": 20,
  "max_iterations": 100,
  "initialization_methods": {
    "heuristic": {
      "mean": 1291.95,
      "std": 39.673007196329344,
      "min": 1186,
      "max": 1353,
      "avg_convergence_generation": 20.05,
      "convergence_generation_std": 9.313833797099882
    },
    "mixed": {
      "mean": 1262.75,
      "std": 48.80970702636925,
      "min": 1177,
      "max": 1361,
      "avg_convergence_generation": 21.55,
      "convergence_generation_std": 14.140279346604153
    },
    "random": {
      "mean": 1016.5,
      "std": 21.58587501121972,
      "min": 982,
      "max": 1074,
      "avg_convergence_generation": 27.05,
      "convergence_generation_std": 13.98740504882875
    }
  }
}