{
  "dataset": "Hurink",
  "sub_directory": "rdata",
  "instance": "la27.fjs",
  "meta_heuristic": "HA(GA+TS)",
  "execution_times": 20,
  "max_iterations": 100,
  "initialization_methods": {
    "heuristic": {
      "mean": 1704.1,
      "std": 48.873203291783526,
      "min": 1596,
      "max": 1787,
      "avg_convergence_generation": 18.4,
      "convergence_generation_std": 12.854571171377131
    },
    "mixed": {
      "mean": 1659.75,
      "std": 37.43511052474668,
      "min": 1573,
      "max": 1735,
      "avg_convergence_generation": 17.8,
      "convergence_generation_std": 10.524257693538296
    },
    "random": {
      "mean": 1327.6,
      "std": 26.518672666632472,
      "min": 1285,
      "max": 1379,
      "avg_convergence_generation": 22.3,
      "convergence_generation_std": 16.220665830970074
    }
  }
}