{
  "dataset": "Hurink",
  "sub_directory": "rdata",
  "instance": "la28.fjs",
  "meta_heuristic": "HA(GA+TS)",
  "execution_times": 20,
  "max_iterations": 100,
  "initialization_methods": {
    "heuristic": {
      "mean": 1608.7,
      "std": 39.18303204194387,
      "min": 1526,
      "max": 1675,
      "avg_convergence_generation": 23.7,
      "convergence_generation_std": 12.478381305281546
    },
    "mixed": {
      "mean": 1597.25,
      "std": 41.868693554970164,
      "min": 1522,
      "max": 1660,
      "avg_convergence_generation": 23.3,
      "convergence_generation_std": 12.066896867049126
    },
    "random": {
      "mean": 1308.75,
      "std": 23.849266236092046,
      "min": 1260,
      "max": 1364,
      "avg_convergence_generation": 25.75,
      "convergence_generation_std": 15.936985285806095
    }
  }
}