{
  "dataset": "Hurink",
  "sub_directory": "rdata",
  "instance": "la29.fjs",
  "meta_heuristic": "HA(GA+TS)",
  "execution_times": 20,
  "max_iterations": 100,
  "initialization_methods": {
    "heuristic": {
      "mean": 1518.4,
      "std": 40.993170162845416,
      "min": 1436,
      "max": 1609,
      "avg_convergence_generation": 17.0,
      "convergence_generation_std": 9.071934744033381
    },
    "mixed": {
      "mean": 1530.75,
      "std": 45.67808555532949,
      "min": 1435,
      "max": 1615,
      "avg_convergence_generation": 21.35,
      "convergence_generation_std": 11.913332867002415
    },
    "random": {
      "mean": 1214.65,
      "std": 21.336061023534782,
      "min": 1157,
      "max": 1245,
      "avg_convergence_generation": 28.35,
      "convergence_generation_std": 19.995687034958312
    }
  }
}