{
  "dataset": "Hurink",
  "sub_directory": "rdata",
  "instance": "la33.fjs",
  "meta_heuristic": "HA(GA+TS)",
  "execution_times": 20,
  "max_iterations": 100,
  "initialization_methods": {
    "heuristic": {
      "mean": 2108.9,
      "std": 60.08236014006107,
      "min": 2011,
      "max": 2246,
      "avg_convergence_generation": 19.2,
      "convergence_generation_std": 11.435033887138243
    },
    "mixed": {
      "mean": 2080.85,
      "std": 46.64790992102433,
      "min": 1992,
      "max": 2162,
      "avg_convergence_generation": 22.75,
      "convergence_generation_std": 13.427118082447922
    },
    "random": {
      "mean": 1702.6,
      "std": 19.324595726689857,
      "min": 1669,
      "max": 1738,
      "avg_convergence_generation": 24.15,
      "convergence_generation_std": 15.812257903285033
    }
  }
}