{
  "dataset": "Hurink",
  "sub_directory": "rdata",
  "instance": "la34.fjs",
  "meta_heuristic": "HA(GA+TS)",
  "execution_times": 20,
  "max_iterations": 100,
  "initialization_methods": {
    "heuristic": {
      "mean": 2288.3,
      "std": 55.2793813279418,
      "min": 2169,
      "max": 2386,
      "avg_convergence_generation": 13.85,
      "convergence_generation_std": 10.882439983753642
    },
    "mixed": {
      "mean": 2181.85,
      "std": 45.32579287778649,
      "min": 2102,
      "max": 2260,
      "avg_convergence_generation": 20.1,
      "convergence_generation_std": 14.341896666759247
    },
    "random": {
      "mean": 1746.95,
      "std": 17.647875226213493,
      "min": 1713,
      "max": 1783,
      "avg_convergence_generation": 24.75,
      "convergence_generation_std": 18.89411283971809
    }
  }
}