{
  "dataset": "Hurink",
  "sub_directory": "rdata",
  "instance": "la35.fjs",
  "meta_heuristic": "HA(GA+TS)",
  "execution_times": 20,
  "max_iterations": 100,
  "initialization_methods": {
    "heuristic": {
      "mean": 2180.45,
      "std": 53.36616437406759,
      "min": 2092,
      "max": 2336,
      "avg_convergence_generation": 14.55,
      "convergence_generation_std": 6.689357218746806
    },
    "mixed": {
      "mean": 2180.2,
      "std": 35.34911597197305,
      "min": 2128,
      "max": 2260,
      "avg_convergence_generation": 23.05,
      "convergence_generation_std": 10.730680313940956
    },
    "random": {
      "mean": 1770.65,
      "std": 21.90268248411596,
      "min": 1726,
      "max": 1816,
      "avg_convergence_generation": 25.45,
      "convergence_generation_std": 17.970740107185346
    }
  }
}