{
  "dataset": "Hurink",
  "sub_directory": "rdata",
  "instance": "la36.fjs",
  "meta_heuristic": "HA(GA+TS)",
  "execution_times": 20,
  "max_iterations": 100,
  "initialization_methods": {
    "heuristic": {
      "mean": 1618.55,
      "std": 39.98934233017593,
      "min": 1541,
      "max": 1691,
      "avg_convergence_generation": 21.45,
      "convergence_generation_std": 12.800292965397317
    },
    "mixed": {
      "mean": 1595.75,
      "std": 32.97859154057371,
      "min": 1546,
      "max": 1669,
      "avg_convergence_generation": 20.1,
      "convergence_generation_std": 12.852626190782956
    },
    "random": {
      "mean": 1316.4,
      "std": 31.310381664872757,
      "min": 1252,
      "max": 1391,
      "avg_convergence_generation": 31.5,
      "convergence_generation_std": 20.289159667172022
    }
  }
}