{
  "dataset": "Hurink",
  "sub_directory": "rdata",
  "instance": "la37.fjs",
  "meta_heuristic": "HA(GA+TS)",
  "execution_times": 20,
  "max_iterations": 100,
  "initialization_methods": {
    "heuristic": {
      "mean": 1679.95,
      "std": 47.50523655345798,
      "min": 1601,
      "max": 1780,
      "avg_convergence_generation": 22.2,
      "convergence_generation_std": 10.346980235798268
    },
    "mixed": {
      "mean": 1652.3,
      "std": 44.818634517352265,
      "min": 1554,
      "max": 1730,
      "avg_convergence_generation": 14.5,
      "convergence_generation_std": 12.749509794497984
    },
    "random": {
      "mean": 1377.15,
      "std": 25.16798561665196,
      "min": 1306,
      "max": 1409,
      "avg_convergence_generation": 21.45,
      "convergence_generation_std": 15.711381225086482
    }
  }
}