{
  "dataset": "Hurink",
  "sub_directory": "rdata",
  "instance": "mt20.fjs",
  "meta_heuristic": "HA(GA+TS)",
  "execution_times": 20,
  "max_iterations": 100,
  "initialization_methods": {
    "heuristic": {
      "mean": 1308.15,
      "std": 47.27396217792624,
      "min": 1236,
      "max": 1400,
      "avg_convergence_generation": 20.05,
      "convergence_generation_std": 12.018631369669345
    },
    "mixed": {
      "mean": 1263.2,
      "std": 43.667608132344505,
      "min": 1188,
      "max": 1354,
      "avg_convergence_generation": 22.3,
      "convergence_generation_std": 12.017071190602142
    },
    "random": {
      "mean": 1084.05,
      "std": 12.479883813561727,
      "min": 1059,
      "max": 1109,
      "avg_convergence_generation": 24.45,
      "convergence_generation_std": 12.839295151993353
    }
  }
}