{
    "timestamp": "2025-07-10T14:23:48.318505",
    "execution_time": 0.3133072853088379,
    "stage_one_results": {
        "candidate_samples": [
            {
                "fjs_path": "BehnkeGeiger/Behnke27.fjs",
                "similarity_score": 0.6864441122013433,
                "similarity_details": {
                    "basic_similarity": 0.675158000205031,
                    "processing_similarity": 0.8927226218661792,
                    "kde_similarity": 0.8700700406599975,
                    "disjunctive_similarity": 0.3468081941651585,
                    "weighted_similarity": 0.6864441122013433
                }
            },
            {
                "fjs_path": "BehnkeGeiger/Behnke26.fjs",
                "similarity_score": 0.6845102585564755,
                "similarity_details": {
                    "basic_similarity": 0.668291459169386,
                    "processing_similarity": 0.8926885209668992,
                    "kde_similarity": 0.8731922696743546,
                    "disjunctive_similarity": 0.34484894651625564,
                    "weighted_similarity": 0.6845102585564755
                }
            },
            {
                "fjs_path": "BehnkeGeiger/Behnke30.fjs",
                "similarity_score": 0.6805335310663044,
                "similarity_details": {
                    "basic_similarity": 0.6544587486095664,
                    "processing_similarity": 0.8927988631895516,
                    "kde_similarity": 0.8753892060215906,
                    "disjunctive_similarity": 0.343673397926914,
                    "weighted_similarity": 0.6805335310663044
                }
            }
        ]
    },
    "stage_two_results": {
        "recommended_strategies": [
            {
                "strategy_name": "heuristic",
                "weighted_score": 0.8635195814649365
            },
            {
                "strategy_name": "random",
                "weighted_score": 0.8415996646945756
            }
        ]
    }
}