{
    "timestamp": "2025-08-21T16:11:00.044451",
    "execution_time": 3.000690221786499,
    "recommendation_parameters": {
        "feature_weight": 0.4,
        "performance_weight": 0.6,
        "top_k_strategies": 3
    },
    "recommended_strategies": [
        {
            "strategy_name": "heuristic",
            "final_score": 0.6538737893442732,
            "feature_similarity_score": 0.7193001806015802,
            "performance_score": 0.6102561951727353,
            "supporting_samples": [
                {
                    "sample_id": "sample_0064",
                    "original_fjs_path": "BehnkeGeiger/Behnke1.fjs",
                    "similarity": 0.9099071577264456,
                    "performance_metrics": {
                        "mean": 114.7,
                        "std": 2.9000000000000004,
                        "min": 111,
                        "max": 123,
                        "avg_convergence_generation": 7.2,
                        "convergence_generation_std": 7.413501197140255
                    },
                    "detailed_scores": {
                        "makespan_score": 0.8971023593792051,
                        "convergence_speed_score": 0.9279999999999999,
                        "stability_score": 0.7751937984496123,
                        "convergence_stability_score": 0.5742670521447035
                    },
                    "raw_metrics": {
                        "mean_makespan": 114.7,
                        "std_makespan": 2.9000000000000004,
                        "avg_convergence_gen": 7.2,
                        "convergence_std": 7.413501197140255
                    },
                    "weight": 0.7570607361433342
                },
                {
                    "sample_id": "sample_0163",
                    "original_fjs_path": "BehnkeGeiger/Behnke4.fjs",
                    "similarity": 0.9103045868620563,
                    "performance_metrics": {
                        "mean": 121.85,
                        "std": 3.636963018783666,
                        "min": 114,
                        "max": 127,
                        "avg_convergence_generation": 8.95,
                        "convergence_generation_std": 10.263893023604641
                    },
                    "detailed_scores": {
                        "makespan_score": 0.891384766234345,
                        "convergence_speed_score": 0.9105,
                        "stability_score": 0.733301101295495,
                        "convergence_stability_score": 0.49348859019100516
                    },
                    "raw_metrics": {
                        "mean_makespan": 121.85,
                        "std_makespan": 3.636963018783666,
                        "avg_convergence_gen": 8.95,
                        "convergence_std": 10.263893023604641
                    },
                    "weight": 0.7326699484236116
                },
                {
                    "sample_id": "sample_0196",
                    "original_fjs_path": "BehnkeGeiger/Behnke5.fjs",
                    "similarity": 0.9105350721947396,
                    "performance_metrics": {
                        "mean": 116.95,
                        "std": 5.563047725842374,
                        "min": 107,
                        "max": 128,
                        "avg_convergence_generation": 16.7,
                        "convergence_generation_std": 5.523585791856591
                    },
                    "detailed_scores": {
                        "makespan_score": 0.895295223599982,
                        "convergence_speed_score": 0.833,
                        "stability_score": 0.6425476665084721,
                        "convergence_stability_score": 0.6441810631951949
                    },
                    "raw_metrics": {
                        "mean_makespan": 116.95,
                        "std_makespan": 5.563047725842374,
                        "avg_convergence_gen": 16.7,
                        "convergence_std": 5.523585791856591
                    },
                    "weight": 0.7206928640220495
                },
                {
                    "sample_id": "sample_0097",
                    "original_fjs_path": "BehnkeGeiger/Behnke2.fjs",
                    "similarity": 0.9084600224781314,
                    "performance_metrics": {
                        "mean": 119.7,
                        "std": 5.728001396647874,
                        "min": 108,
                        "max": 127,
                        "avg_convergence_generation": 10.15,
                        "convergence_generation_std": 8.673378811051665
                    },
                    "detailed_scores": {
                        "makespan_score": 0.8930963650977941,
                        "convergence_speed_score": 0.8985,
                        "stability_score": 0.635808692268511,
                        "convergence_stability_score": 0.5355217232610091
                    },
                    "raw_metrics": {
                        "mean_makespan": 119.7,
                        "std_makespan": 5.728001396647874,
                        "avg_convergence_gen": 10.15,
                        "convergence_std": 8.673378811051665
                    },
                    "weight": 0.7170961374005942
                },
                {
                    "sample_id": "sample_1183",
                    "original_fjs_path": "Kacem/Kacem4.fjs",
                    "similarity": 0.7964044886716313,
                    "performance_metrics": {
                        "mean": 20.85,
                        "std": 1.3143439428094916,
                        "min": 19,
                        "max": 23,
                        "avg_convergence_generation": 5.15,
                        "convergence_generation_std": 7.2268596222702435
                    },
                    "detailed_scores": {
                        "makespan_score": 0.9795758436596953,
                        "convergence_speed_score": 0.9485,
                        "stability_score": 0.8838338352225198,
                        "convergence_stability_score": 0.5804888539912622
                    },
                    "raw_metrics": {
                        "mean_makespan": 20.85,
                        "std_makespan": 1.3143439428094916,
                        "avg_convergence_gen": 5.15,
                        "convergence_std": 7.2268596222702435
                    },
                    "weight": 0.7110262899938026
                }
            ]
        },
        {
            "strategy_name": "random",
            "final_score": 0.6284986053941533,
            "feature_similarity_score": 0.7193981688688424,
            "performance_score": 0.5678988964110271,
            "supporting_samples": [
                {
                    "sample_id": "sample_0099",
                    "original_fjs_path": "BehnkeGeiger/Behnke2.fjs",
                    "similarity": 0.9084600224781314,
                    "performance_metrics": {
                        "mean": 138.25,
                        "std": 4.403123891057348,
                        "min": 128,
                        "max": 147,
                        "avg_convergence_generation": 28.9,
                        "convergence_generation_std": 14.962954253756173
                    },
                    "detailed_scores": {
                        "makespan_score": 0.8785416209092906,
                        "convergence_speed_score": 0.7110000000000001,
                        "stability_score": 0.6942938265086248,
                        "convergence_stability_score": 0.4005936115712467
                    },
                    "raw_metrics": {
                        "mean_makespan": 138.25,
                        "std_makespan": 4.403123891057348,
                        "avg_convergence_gen": 28.9,