{
  "dataset": "Hurink",
  "sub_directory": "sdata",
  "instance": "car1.fjs",
  "meta_heuristic": "HA(GA+TS)",
  "execution_times": 20,
  "max_iterations": 100,
  "initialization_methods": {
    "heuristic": {
      "mean": 8096.4,
      "std": 108.70344980726233,
      "min": 7954,
      "max": 8481,
      "avg_convergence_generation": 20.55,
      "convergence_generation_std": 12.208501136503202
    },
    "mixed": {
      "mean": 8088.2,
      "std": 125.09580328692087,
      "min": 7837,
      "max": 8338,
      "avg_convergence_generation": 13.45,
      "convergence_generation_std": 8.096141056083447
    },
    "random": {
      "mean": 7443.95,
      "std": 241.92756663927324,
      "min": 7050,
      "max": 8062,
      "avg_convergence_generation": 19.6,
      "convergence_generation_std": 10.997272389097217
    }
  }
}