{
  "dataset": "Hurink",
  "sub_directory": "sdata",
  "instance": "la15.fjs",
  "meta_heuristic": "HA(GA+TS)",
  "execution_times": 20,
  "max_iterations": 100,
  "initialization_methods": {
    "heuristic": {
      "mean": 1397.25,
      "std": 20.757829848035655,
      "min": 1360,
      "max": 1438,
      "avg_convergence_generation": 20.3,
      "convergence_generation_std": 13.802535998866295
    },
    "mixed": {
      "mean": 1396.45,
      "std": 18.623842245895446,
      "min": 1374,
      "max": 1445,
      "avg_convergence_generation": 22.8,
      "convergence_generation_std": 14.309437445266672
    },
    "random": {
      "mean": 1236.55,
      "std": 21.2284596709229,
      "min": 1207,
      "max": 1283,
      "avg_convergence_generation": 21.95,
      "convergence_generation_std": 10.461715920440584
    }
  }
}