{
  "dataset": "Hurink",
  "sub_directory": "sdata",
  "instance": "la28.fjs",
  "meta_heuristic": "HA(GA+TS)",
  "execution_times": 20,
  "max_iterations": 100,
  "initialization_methods": {
    "heuristic": {
      "mean": 1722.6,
      "std": 60.1784014410486,
      "min": 1634,
      "max": 1872,
      "avg_convergence_generation": 22.65,
      "convergence_generation_std": 11.485969702206253
    },
    "mixed": {
      "mean": 1729.8,
      "std": 53.95145966514715,
      "min": 1644,
      "max": 1813,
      "avg_convergence_generation": 25.35,
      "convergence_generation_std": 13.054788393535915
    },
    "random": {
      "mean": 1359.4,
      "std": 20.876781361119825,
      "min": 1312,
      "max": 1397,
      "avg_convergence_generation": 20.85,
      "convergence_generation_std": 14.266306459627172
    }
  }
}