{
  "dataset": "Hurink",
  "sub_directory": "sdata",
  "instance": "la33.fjs",
  "meta_heuristic": "HA(GA+TS)",
  "execution_times": 20,
  "max_iterations": 100,
  "initialization_methods": {
    "heuristic": {
      "mean": 2134.45,
      "std": 42.25100590518526,
      "min": 2068,
      "max": 2209,
      "avg_convergence_generation": 15.15,
      "convergence_generation_std": 5.294100490168278
    },
    "mixed": {
      "mean": 2125.35,
      "std": 46.41257911385662,
      "min": 2061,
      "max": 2227,
      "avg_convergence_generation": 21.0,
      "convergence_generation_std": 11.966620241321273
    },
    "random": {
      "mean": 1745.3,
      "std": 15.862219264655245,
      "min": 1719,
      "max": 1774,
      "avg_convergence_generation": 26.9,
      "convergence_generation_std": 15.677691156544705
    }
  }
}