{
  "dataset": "Hurink",
  "sub_directory": "sdata",
  "instance": "la34.fjs",
  "meta_heuristic": "HA(GA+TS)",
  "execution_times": 20,
  "max_iterations": 100,
  "initialization_methods": {
    "heuristic": {
      "mean": 2297.65,
      "std": 39.76213651201354,
      "min": 2219,
      "max": 2350,
      "avg_convergence_generation": 19.85,
      "convergence_generation_std": 10.350241543075215
    },
    "mixed": {
      "mean": 2334.05,
      "std": 36.70078337038598,
      "min": 2244,
      "max": 2392,
      "avg_convergence_generation": 17.3,
      "convergence_generation_std": 9.39734004918413
    },
    "random": {
      "mean": 1803.45,
      "std": 19.456297181118508,
      "min": 1771,
      "max": 1857,
      "avg_convergence_generation": 24.8,
      "convergence_generation_std": 15.775297144586533
    }
  }
}