{
  "dataset": "Hurink",
  "sub_directory": "sdata",
  "instance": "la36.fjs",
  "meta_heuristic": "HA(GA+TS)",
  "execution_times": 20,
  "max_iterations": 100,
  "initialization_methods": {
    "heuristic": {
      "mean": 1724.5,
      "std": 30.99435432461854,
      "min": 1638,
      "max": 1805,
      "avg_convergence_generation": 14.35,
      "convergence_generation_std": 8.492791060658446
    },
    "mixed": {
      "mean": 1708.05,
      "std": 35.79451773665906,
      "min": 1624,
      "max": 1749,
      "avg_convergence_generation": 16.0,
      "convergence_generation_std": 13.946325680981353
    },
    "random": {
      "mean": 1396.5,
      "std": 19.247077700264008,
      "min": 1361,
      "max": 1433,
      "avg_convergence_generation": 30.25,
      "convergence_generation_std": 20.004686950812303
    }
  }
}