{
  "dataset": "Hurink",
  "sub_directory": "sdata",
  "instance": "mt20.fjs",
  "meta_heuristic": "HA(GA+TS)",
  "execution_times": 20,
  "max_iterations": 100,
  "initialization_methods": {
    "heuristic": {
      "mean": 1428.1,
      "std": 26.478104161740884,
      "min": 1395,
      "max": 1504,
      "avg_convergence_generation": 17.35,
      "convergence_generation_std": 12.61457490365807
    },
    "mixed": {
      "mean": 1439.35,
      "std": 17.816495165997157,
      "min": 1408,
      "max": 1470,
      "avg_convergence_generation": 16.75,
      "convergence_generation_std": 8.178477853488387
    },
    "random": {
      "mean": 1289.25,
      "std": 33.29395590794221,
      "min": 1225,
      "max": 1367,
      "avg_convergence_generation": 26.75,
      "convergence_generation_std": 10.36761785561177
    }
  }
}