{
  "dataset": "Hurink",
  "sub_directory": "edata",
  "instance": "car6.fjs",
  "meta_heuristic": "HA(GA+TS)",
  "execution_times": 20,
  "max_iterations": 100,
  "initialization_methods": {
    "heuristic": {
      "mean": 9598.65,
      "std": 272.32926302547804,
      "min": 9288,
      "max": 10358,
      "avg_convergence_generation": 20.8,
      "convergence_generation_std": 11.249888888340188
    },
    "mixed": {
      "mean": 9771.15,
      "std": 328.81229827973283,
      "min": 9303,
      "max": 10358,
      "avg_convergence_generation": 16.05,
      "convergence_generation_std": 12.068450604779388
    },
    "random": {
      "mean": 9017.35,
      "std": 250.97714537383675,
      "min": 8593,
      "max": 9400,
      "avg_convergence_generation": 19.05,
      "convergence_generation_std": 11.267098117971637
    }
  }
}