{
  "dataset": "Hurink",
  "sub_directory": "edata",
  "instance": "la11.fjs",
  "meta_heuristic": "HA(GA+TS)",
  "execution_times": 20,
  "max_iterations": 100,
  "initialization_methods": {
    "heuristic": {
      "mean": 1342.6,
      "std": 48.130447743606126,
      "min": 1240,
      "max": 1431,
      "avg_convergence_generation": 21.35,
      "convergence_generation_std": 13.745090032444311
    },
    "mixed": {
      "mean": 1358.8,
      "std": 30.25161152732198,
      "min": 1276,
      "max": 1408,
      "avg_convergence_generation": 17.6,
      "convergence_generation_std": 10.69298835686264
    },
    "random": {
      "mean": 1142.95,
      "std": 14.698554350683606,
      "min": 1115,
      "max": 1172,
      "avg_convergence_generation": 25.6,
      "convergence_generation_std": 15.528683137986944
    }
  }
}