{
  "dataset": "Hurink",
  "sub_directory": "edata",
  "instance": "la21.fjs",
  "meta_heuristic": "HA(GA+TS)",
  "execution_times": 20,
  "max_iterations": 100,
  "initialization_methods": {
    "heuristic": {
      "mean": 1395.25,
      "std": 31.751968442917047,
      "min": 1317,
      "max": 1456,
      "avg_convergence_generation": 19.1,
      "convergence_generation_std": 11.806354221350468
    },
    "mixed": {
      "mean": 1383.0,
      "std": 34.06317659878479,
      "min": 1320,
      "max": 1438,
      "avg_convergence_generation": 16.85,
      "convergence_generation_std": 9.312760063482791
    },
    "random": {
      "mean": 1150.2,
      "std": 17.976651523573572,
      "min": 1124,
      "max": 1193,
      "avg_convergence_generation": 23.05,
      "convergence_generation_std": 12.281999022960392
    }
  }
}