{
  "dataset": "Hurink",
  "sub_directory": "edata",
  "instance": "la23.fjs",
  "meta_heuristic": "HA(GA+TS)",
  "execution_times": 20,
  "max_iterations": 100,
  "initialization_methods": {
    "heuristic": {
      "mean": 1355.1,
      "std": 45.96400765816662,
      "min": 1251,
      "max": 1433,
      "avg_convergence_generation": 19.95,
      "convergence_generation_std": 13.078512912407128
    },
    "mixed": {
      "mean": 1368.95,
      "std": 34.24394106991775,
      "min": 1298,
      "max": 1445,
      "avg_convergence_generation": 16.6,
      "convergence_generation_std": 12.642784503423286
    },
    "random": {
      "mean": 1078.5,
      "std": 21.001190442448735,
      "min": 1035,
      "max": 1129,
      "avg_convergence_generation": 22.55,
      "convergence_generation_std": 17.84789903602102
    }
  }
}