{
  "dataset": "Hurink",
  "sub_directory": "edata",
  "instance": "la24.fjs",
  "meta_heuristic": "HA(GA+TS)",
  "execution_times": 20,
  "max_iterations": 100,
  "initialization_methods": {
    "heuristic": {
      "mean": 1298.25,
      "std": 29.805829966635724,
      "min": 1253,
      "max": 1377,
      "avg_convergence_generation": 15.45,
      "convergence_generation_std": 7.984203153727991
    },
    "mixed": {
      "mean": 1302.65,
      "std": 27.545008622253146,
      "min": 1240,
      "max": 1349,
      "avg_convergence_generation": 16.4,
      "convergence_generation_std": 8.811356308764275
    },
    "random": {
      "mean": 1040.85,
      "std": 21.37118386987487,
      "min": 1007,
      "max": 1090,
      "avg_convergence_generation": 25.75,
      "convergence_generation_std": 17.137313091613866
    }
  }
}