{
  "dataset": "Hurink",
  "sub_directory": "edata",
  "instance": "la25.fjs",
  "meta_heuristic": "HA(GA+TS)",
  "execution_times": 20,
  "max_iterations": 100,
  "initialization_methods": {
    "heuristic": {
      "mean": 1389.55,
      "std": 49.90638736674896,
      "min": 1255,
      "max": 1431,
      "avg_convergence_generation": 18.45,
      "convergence_generation_std": 8.26725468338795
    },
    "mixed": {
      "mean": 1391.6,
      "std": 43.01441618806421,
      "min": 1271,
      "max": 1441,
      "avg_convergence_generation": 16.95,
      "convergence_generation_std": 13.481376042526222
    },
    "random": {
      "mean": 1049.45,
      "std": 27.428953680372135,
      "min": 1014,
      "max": 1138,
      "avg_convergence_generation": 27.3,
      "convergence_generation_std": 10.621205204683694
    }
  }
}