{
  "dataset": "Hurink",
  "sub_directory": "edata",
  "instance": "la27.fjs",
  "meta_heuristic": "HA(GA+TS)",
  "execution_times": 20,
  "max_iterations": 100,
  "initialization_methods": {
    "heuristic": {
      "mean": 1727.75,
      "std": 31.506943679132064,
      "min": 1674,
      "max": 1793,
      "avg_convergence_generation": 14.8,
      "convergence_generation_std": 6.78675180038286
    },
    "mixed": {
      "mean": 1727.95,
      "std": 36.53556486493674,
      "min": 1661,
      "max": 1793,
      "avg_convergence_generation": 20.1,
      "convergence_generation_std": 15.940200751558933
    },
    "random": {
      "mean": 1361.45,
      "std": 21.504592532759137,
      "min": 1322,
      "max": 1393,
      "avg_convergence_generation": 24.85,
      "convergence_generation_std": 18.18591487937849
    }
  }
}