{
  "dataset": "Hurink",
  "sub_directory": "edata",
  "instance": "la28.fjs",
  "meta_heuristic": "HA(GA+TS)",
  "execution_times": 20,
  "max_iterations": 100,
  "initialization_methods": {
    "heuristic": {
      "mean": 1723.05,
      "std": 33.29786029161634,
      "min": 1625,
      "max": 1769,
      "avg_convergence_generation": 21.95,
      "convergence_generation_std": 11.011244253035168
    },
    "mixed": {
      "mean": 1744.95,
      "std": 28.498201697651027,
      "min": 1679,
      "max": 1800,
      "avg_convergence_generation": 16.5,
      "convergence_generation_std": 8.58195781858662
    },
    "random": {
      "mean": 1324.25,
      "std": 25.093574874855914,
      "min": 1270,
      "max": 1374,
      "avg_convergence_generation": 27.4,
      "convergence_generation_std": 13.271774561075095
    }
  }
}