{
  "dataset": "Hurink",
  "sub_directory": "edata",
  "instance": "la31.fjs",
  "meta_heuristic": "HA(GA+TS)",
  "execution_times": 20,
  "max_iterations": 100,
  "initialization_methods": {
    "heuristic": {
      "mean": 2104.95,
      "std": 59.612477720692,
      "min": 1981,
      "max": 2219,
      "avg_convergence_generation": 20.7,
      "convergence_generation_std": 13.711673858431727
    },
    "mixed": {
      "mean": 2139.3,
      "std": 45.59725868953088,
      "min": 2070,
      "max": 2223,
      "avg_convergence_generation": 20.15,
      "convergence_generation_std": 16.196527405589137
    },
    "random": {
      "mean": 1748.35,
      "std": 23.367231329363776,
      "min": 1702,
      "max": 1790,
      "avg_convergence_generation": 30.55,
      "convergence_generation_std": 17.226360613896365
    }
  }
}