{
  "dataset": "Hurink",
  "sub_directory": "edata",
  "instance": "la36.fjs",
  "meta_heuristic": "HA(GA+TS)",
  "execution_times": 20,
  "max_iterations": 100,
  "initialization_methods": {
    "heuristic": {
      "mean": 1655.85,
      "std": 31.950391233911358,
      "min": 1598,
      "max": 1730,
      "avg_convergence_generation": 15.65,
      "convergence_generation_std": 12.665997789357144
    },
    "mixed": {
      "mean": 1667.75,
      "std": 35.698564396905375,
      "min": 1598,
      "max": 1729,
      "avg_convergence_generation": 11.75,
      "convergence_generation_std": 10.299878640061737
    },
    "random": {
      "mean": 1330.05,
      "std": 22.18665139222231,
      "min": 1291,
      "max": 1368,
      "avg_convergence_generation": 25.05,
      "convergence_generation_std": 15.386601314130422
    }
  }
}