{
  "dataset": "Hurink",
  "sub_directory": "edata",
  "instance": "la37.fjs",
  "meta_heuristic": "HA(GA+TS)",
  "execution_times": 20,
  "max_iterations": 100,
  "initialization_methods": {
    "heuristic": {
      "mean": 1785.4,
      "std": 45.538335498786076,
      "min": 1694,
      "max": 1862,
      "avg_convergence_generation": 18.65,
      "convergence_generation_std": 18.485872984525237
    },
    "mixed": {
      "mean": 1753.85,
      "std": 39.39578023088259,
      "min": 1685,
      "max": 1825,
      "avg_convergence_generation": 18.6,
      "convergence_generation_std": 10.41345283755585
    },
    "random": {
      "mean": 1536.05,
      "std": 30.913548809543038,
      "min": 1488,
      "max": 1603,
      "avg_convergence_generation": 24.7,
      "convergence_generation_std": 15.751507864328417
    }
  }
}