{
  "dataset": "Hurink",
  "sub_directory": "edata",
  "instance": "la37.fjs",
  "meta_heuristic": "HA(GA+TS)",
  "execution_times": 20,
  "max_iterations": 100,
  "initialization_methods": {
    "heuristic": {
      "mean": 1789.8,
      "std": 36.543946147070656,
      "min": 1727,
      "max": 1859,
      "avg_convergence_generation": 22.5,
      "convergence_generation_std": 15.233187453714342
    },
    "mixed": {
      "mean": 1742.55,
      "std": 32.15349903198717,
      "min": 1694,
      "max": 1807,
      "avg_convergence_generation": 16.9,
      "convergence_generation_std": 11.260106571431729
    },
    "random": {
      "mean": 1526.65,
      "std": 24.432099786960595,
      "min": 1476,
      "max": 1574,
      "avg_convergence_generation": 27.2,
      "convergence_generation_std": 14.214781039467333
    }
  }
}