{
  "dataset": "Hurink",
  "sub_directory": "edata",
  "instance": "la38.fjs",
  "meta_heuristic": "HA(GA+TS)",
  "execution_times": 20,
  "max_iterations": 100,
  "initialization_methods": {
    "heuristic": {
      "mean": 1695.35,
      "std": 42.403154363797036,
      "min": 1592,
      "max": 1772,
      "avg_convergence_generation": 23.7,
      "convergence_generation_std": 14.557128837789408
    },
    "mixed": {
      "mean": 1723.35,
      "std": 40.872087052168006,
      "min": 1657,
      "max": 1787,
      "avg_convergence_generation": 17.8,
      "convergence_generation_std": 12.464349160706305
    },
    "random": {
      "mean": 1341.3,
      "std": 28.743868911473974,
      "min": 1287,
      "max": 1415,
      "avg_convergence_generation": 19.4,
      "convergence_generation_std": 11.81693699737796
    }
  }
}