{
  "dataset": "Hurink",
  "sub_directory": "edata",
  "instance": "la39.fjs",
  "meta_heuristic": "HA(GA+TS)",
  "execution_times": 20,
  "max_iterations": 100,
  "initialization_methods": {
    "heuristic": {
      "mean": 1661.45,
      "std": 22.21592896999808,
      "min": 1618,
      "max": 1705,
      "avg_convergence_generation": 19.4,
      "convergence_generation_std": 10.730330842988954
    },
    "mixed": {
      "mean": 1660.65,
      "std": 40.608219611305294,
      "min": 1586,
      "max": 1732,
      "avg_convergence_generation": 19.65,
      "convergence_generation_std": 8.696407304168773
    },
    "random": {
      "mean": 1350.2,
      "std": 24.880916381837707,
      "min": 1288,
      "max": 1395,
      "avg_convergence_generation": 25.3,
      "convergence_generation_std": 15.016990377569003
    }
  }
}