{
  "dataset": "Hurink",
  "sub_directory": "edata",
  "instance": "la40.fjs",
  "meta_heuristic": "HA(GA+TS)",
  "execution_times": 20,
  "max_iterations": 100,
  "initialization_methods": {
    "heuristic": {
      "mean": 1646.65,
      "std": 31.93317240738853,
      "min": 1587,
      "max": 1691,
      "avg_convergence_generation": 14.75,
      "convergence_generation_std": 7.667300698420534
    },
    "mixed": {
      "mean": 1632.65,
      "std": 24.360367402812297,
      "min": 1603,
      "max": 1679,
      "avg_convergence_generation": 12.85,
      "convergence_generation_std": 8.094905805505089
    },
    "random": {
      "mean": 1327.7,
      "std": 30.822232235839117,
      "min": 1277,
      "max": 1429,
      "avg_convergence_generation": 25.0,
      "convergence_generation_std": 12.300406497347964
    }
  }
}