{
  "dataset": "Hurink",
  "sub_directory": "edata",
  "instance": "la40.fjs",
  "meta_heuristic": "HA(GA+TS)",
  "execution_times": 20,
  "max_iterations": 100,
  "initialization_methods": {
    "heuristic": {
      "mean": 1641.35,
      "std": 29.78804290315159,
      "min": 1587,
      "max": 1714,
      "avg_convergence_generation": 17.2,
      "convergence_generation_std": 9.244457799135654
    },
    "mixed": {
      "mean": 1639.7,
      "std": 36.640278383221926,
      "min": 1556,
      "max": 1741,
      "avg_convergence_generation": 19.75,
      "convergence_generation_std": 9.746153087244219
    },
    "random": {
      "mean": 1318.35,
      "std": 30.298968629311457,
      "min": 1264,
      "max": 1384,
      "avg_convergence_generation": 22.65,
      "convergence_generation_std": 12.503099615695302
    }
  }
}