{
  "dataset": "Hurink",
  "sub_directory": "edata",
  "instance": "mt20.fjs",
  "meta_heuristic": "HA(GA+TS)",
  "execution_times": 20,
  "max_iterations": 100,
  "initialization_methods": {
    "heuristic": {
      "mean": 1440.55,
      "std": 22.422031576108353,
      "min": 1398,
      "max": 1487,
      "avg_convergence_generation": 13.05,
      "convergence_generation_std": 9.937177667728397
    },
    "mixed": {
      "mean": 1449.3,
      "std": 31.306708546252516,
      "min": 1401,
      "max": 1519,
      "avg_convergence_generation": 17.65,
      "convergence_generation_std": 11.909135149119772
    },
    "random": {
      "mean": 1227.35,
      "std": 26.12522727173871,
      "min": 1190,
      "max": 1284,
      "avg_convergence_generation": 26.35,
      "convergence_generation_std": 9.424834216048577
    }
  }
}