{
  "dataset": "Hurink",
  "sub_directory": "edata",
  "instance": "mt20.fjs",
  "meta_heuristic": "HA(GA+TS)",
  "execution_times": 20,
  "max_iterations": 100,
  "initialization_methods": {
    "heuristic": {
      "mean": 1455.8,
      "std": 26.045345073544333,
      "min": 1428,
      "max": 1518,
      "avg_convergence_generation": 16.05,
      "convergence_generation_std": 14.298513908794858
    },
    "mixed": {
      "mean": 1454.2,
      "std": 38.15704391065954,
      "min": 1390,
      "max": 1519,
      "avg_convergence_generation": 16.2,
      "convergence_generation_std": 11.897898974188678
    },
    "random": {
      "mean": 1222.95,
      "std": 22.150564326896955,
      "min": 1186,
      "max": 1288,
      "avg_convergence_generation": 29.65,
      "convergence_generation_std": 12.256732843625173
    }
  }
}