{
  "dataset": "Hurink",
  "sub_directory": "edata",
  "instance": "orb1.fjs",
  "meta_heuristic": "HA(GA+TS)",
  "execution_times": 20,
  "max_iterations": 100,
  "initialization_methods": {
    "heuristic": {
      "mean": 1261.85,
      "std": 18.27915479446465,
      "min": 1231,
      "max": 1307,
      "avg_convergence_generation": 22.1,
      "convergence_generation_std": 11.575404960518659
    },
    "mixed": {
      "mean": 1271.25,
      "std": 28.285818001252853,
      "min": 1225,
      "max": 1313,
      "avg_convergence_generation": 12.95,
      "convergence_generation_std": 10.878763716525881
    },
    "random": {
      "mean": 1110.0,
      "std": 28.50964748992874,
      "min": 1050,
      "max": 1174,
      "avg_convergence_generation": 20.35,
      "convergence_generation_std": 11.752765631969353
    }
  }
}