{
  "dataset": "Hurink",
  "sub_directory": "edata",
  "instance": "orb4.fjs",
  "meta_heuristic": "HA(GA+TS)",
  "execution_times": 20,
  "max_iterations": 100,
  "initialization_methods": {
    "heuristic": {
      "mean": 1262.5,
      "std": 39.14907406312441,
      "min": 1180,
      "max": 1343,
      "avg_convergence_generation": 19.3,
      "convergence_generation_std": 11.705127081753533
    },
    "mixed": {
      "mean": 1292.35,
      "std": 35.631832678098384,
      "min": 1233,
      "max": 1374,
      "avg_convergence_generation": 21.35,
      "convergence_generation_std": 13.104483965421911
    },
    "random": {
      "mean": 1096.85,
      "std": 14.297814518310133,
      "min": 1064,
      "max": 1116,
      "avg_convergence_generation": 19.95,
      "convergence_generation_std": 9.308463890460121
    }
  }
}