{
  "dataset": "",
  "instance": "mt10cc.fjs",
  "meta_heuristic": "HA(GA+TS)",
  "execution_times": 20,
  "max_iterations": 100,
  "initialization_methods": {
    "heuristic": {
      "mean": 1133.0,
      "std": 28.560462181134255,
      "min": 1088,
      "max": 1183,
      "avg_convergence_generation": 18.6,
      "convergence_generation_std": 7.4993333037010705
    },
    "mixed": {
      "mean": 1137.5,
      "std": 31.188940347501386,
      "min": 1088,
      "max": 1183,
      "avg_convergence_generation": 20.45,
      "convergence_generation_std": 13.124309505646382
    },
    "random": {
      "mean": 989.35,
      "std": 22.535028289309956,
      "min": 954,
      "max": 1035,
      "avg_convergence_generation": 22.35,
      "convergence_generation_std": 13.554611761315778
    }
  }
}